id,name,read,pattern,sequence,feature_type
CD11c,CD11c_TotalSeqB,R2,5PNNNNNNNNNN(BC)NNNNNNNNN,TACGCCTATAACTTG,Antibody Capture
CD303,CD303_TotalSeqB,R2,5PNNNNNNNNNN(BC)NNNNNNNNN,GAGATGTCCGAATTT,Antibody Capture
CD370,CD370_TotalSeqB,R2,5PNNNNNNNNNN(BC)NNNNNNNNN,CTGCATTTCAGTAAG,Antibody Capture
CD32,CD32_TotalSeqB,R2,5PNNNNNNNNNN(BC)NNNNNNNNN,GCTTCCGAATTACCG,Antibody Capture
CD36,CD36_TotalSeqB,R2,5PNNNNNNNNNN(BC)NNNNNNNNN,TTCTTTGCCTTGCCA,Antibody Capture
CD163,CD163_TotalSeqB,R2,5PNNNNNNNNNN(BC)NNNNNNNNN,GCTTCTCCTTCCTTA,Antibody Capture
CD16,CD16_TotalSeqB,R2,5PNNNNNNNNNN(BC)NNNNNNNNN,AAGTTCACTCTTTGC,Antibody Capture
CD141,CD141_TotalSeqB,R2,5PNNNNNNNNNN(BC)NNNNNNNNN,GGATAACCGCGCTTT,Antibody Capture
CD1c,CD1c_TotalSeqB,R2,5PNNNNNNNNNN(BC)NNNNNNNNN,GAGCTACTTCACTCG,Antibody Capture
CD123,CD123_TotalSeqB,R2,5PNNNNNNNNNN(BC)NNNNNNNNN,CTTCACTCTGTCAGG,Antibody Capture
HLA-DR,HLA-DR_TotalSeqB,R2,5PNNNNNNNNNN(BC)NNNNNNNNN,AATAGCGAGCAAGTA,Antibody Capture
CD135,CD135_TotalSeqB,R2,5PNNNNNNNNNN(BC)NNNNNNNNN,CAGTAGATGGAGCAT,Antibody Capture
CD117,CD117_TotalSeqB,R2,5PNNNNNNNNNN(BC)NNNNNNNNN,AGACTAATAGCTGAC,Antibody Capture
XCR1,XCR1_Antibody_TotalSeqB,R2,5PNNNNNNNNNN(BC)NNNNNNNNN,AAGACGCATGTCAAC,Antibody Capture
CD11b,CD11b_Antibody_TotalSeqB,R2,5PNNNNNNNNNN(BC)NNNNNNNNN,GACAAGTGATCTGCA,Antibody Capture
CD115,CD115_TotalSeqB,R2,5PNNNNNNNNNN(BC)NNNNNNNNN,AATCACGGTCCTTGT,Antibody Capture
CD197,CD197_TotalSeqB,R2,5PNNNNNNNNNN(BC)NNNNNNNNN,AGTTCAGTCAACCGA,Antibody Capture
CD304,CD304_TotalSeqB,R2,5PNNNNNNNNNN(BC)NNNNNNNNN,GGACTAAGTTTCGTT,Antibody Capture
CD63,CD63_Antibody_TotalSeqB,R2,5PNNNNNNNNNN(BC)NNNNNNNNN,GAGATGTCTGCAACT,Antibody Capture
